{
    "Trento": "Trento, Monte Bondone e Altopiano di Pinè",
    "Lavis": "Altopiano della Paganella, Piana della Rotaliana e San Lorenzo Dorsino",
    "Giovo": "Val di Fiemme e Val di Cembra",
    "Cembra Lisignago": "Val di Fiemme e Val di Cembra",
    "Altavalle": "Val di Fiemme e Val di Cembra",
    "Capriana": "Val di Fiemme e Val di Cembra",
    "Valfloriana": "Val di Fiemme e Val di Cembra",
    "Sover": "Val di Fiemme e Val di Cembra",
    "Civezzano": "Trento, Monte Bondone e Altopiano di Pinè",
    "Baselga di Pinè": "Trento, Monte Bondone e Altopiano di Pinè",
    "Bedollo": "Trento, Monte Bondone e Altopiano di Pinè",
    "Albiano": "Val di Fiemme e Val di Cembra",
    "Lona-Lases": "Val di Fiemme e Val di Cembra",
    "Fornace": "Trento, Monte Bondone e Altopiano di Pinè",
    "Sant'Orsola Terme": "Valsugana, Tesino e Valle dei Mocheni",
    "Palù del Fersina": "Valsugana, Tesino e Valle dei Mocheni",
    "Fierozzo": "Valsugana, Tesino e Valle dei Mocheni",
    "San Michele all'Adige": "Altopiano della Paganella, Piana della Rotaliana e San Lorenzo Dorsino",
    "Mezzolombardo": "Altopiano della Paganella, Piana della Rotaliana e San Lorenzo Dorsino",
    "Mezzocorona": "Altopiano della Paganella, Piana della Rotaliana e San Lorenzo Dorsino",
    "Spormaggiore": "Altopiano della Paganella, Piana della Rotaliana e San Lorenzo Dorsino",
    "Sporminore": "Altopiano della Paganella, Piana della Rotaliana e San Lorenzo Dorsino",
    "Cavedago": "Altopiano della Paganella, Piana della Rotaliana e San Lorenzo Dorsino",
    "Andalo": "Altopiano della Paganella, Piana della Rotaliana e San Lorenzo Dorsino",
    "Fai della Paganella": "Altopiano della Paganella, Piana della Rotaliana e San Lorenzo Dorsino",
    "Ville di Fiemme": "Val di Fiemme e Val di Cembra",
    "Castello-Molina di Fiemme": "Val di Fiemme e Val di Cembra",
    "Cavalese": "Val di Fiemme e Val di Cembra",
    "Tesero": "Val di Fiemme e Val di Cembra",
    "Ziano di Fiemme": "Val di Fiemme e Val di Cembra",
    "Predazzo": "Val di Fiemme e Val di Cembra",
    "Panchià": "Val di Fiemme e Val di Cembra",
    "Moena": "Val di Fassa",
    "Soraga di Fassa": "Val di Fassa",
    "San Giovanni di Fassa-Sèn Jan": "Val di Fassa",
    "Mazzin": "Val di Fassa",
    "Campitello di Fassa": "Val di Fassa",
    "Canazei": "Val di Fassa",
    "Primiero San Martino di Castrozza": "San Martino di Castrozza, Primiero e Vanoi",
    "Mezzano": "San Martino di Castrozza, Primiero e Vanoi",
    "Imer": "San Martino di Castrozza, Primiero e Vanoi",
    "Canal San Bovo": "San Martino di Castrozza, Primiero e Vanoi",
    "Sagron Mis": "San Martino di Castrozza, Primiero e Vanoi",
    "Pergine Valsugana": "Valsugana, Tesino e Valle dei Mocheni",
    "Levico Terme": "Valsugana, Tesino e Valle dei Mocheni",
    "Novaledo": "Valsugana, Tesino e Valle dei Mocheni",
    "Roncegno Terme": "Valsugana, Tesino e Valle dei Mocheni",
    "Scurelle": "Valsugana, Tesino e Valle dei Mocheni",
    "Borgo Valsugana": "Valsugana, Tesino e Valle dei Mocheni",
    "Castelnuovo": "Valsugana, Tesino e Valle dei Mocheni",
    "Castel Ivano": "Valsugana, Tesino e Valle dei Mocheni",
    "Ospedaletto": "Valsugana, Tesino e Valle dei Mocheni",
    "Grigno": "Valsugana, Tesino e Valle dei Mocheni",
    "Ronchi Valsugana": "Valsugana, Tesino e Valle dei Mocheni",
    "Pieve Tesino": "Valsugana, Tesino e Valle dei Mocheni",
    "Cinte Tesino": "Valsugana, Tesino e Valle dei Mocheni",
    "Castello Tesino": "Valsugana, Tesino e Valle dei Mocheni",
    "Folgaria": "Altipiani cimbri e Vigolana",
    "Lavarone": "Altipiani cimbri e Vigolana",
    "Luserna": "Altipiani cimbri e Vigolana",
    "Altopiano della Vigolana": "Altipiani cimbri e Vigolana",
    "Rovereto": "Rovereto, Vallagarina e Monte Baldo",
    "Mori": "Rovereto, Vallagarina e Monte Baldo",
    "Ala": "Rovereto, Vallagarina e Monte Baldo",
    "Avio": "Rovereto, Vallagarina e Monte Baldo",
    "Villa Lagarina": "Rovereto, Vallagarina e Monte Baldo",
    "Brentonico": "Rovereto, Vallagarina e Monte Baldo",
    "Calliano": "Rovereto, Vallagarina e Monte Baldo",
    "Volano": "Rovereto, Vallagarina e Monte Baldo",
    "Besenello": "Rovereto, Vallagarina e Monte Baldo",
    "Terragnolo": "Rovereto, Vallagarina e Monte Baldo",
    "Trambileno": "Rovereto, Vallagarina e Monte Baldo",
    "Vallarsa": "Rovereto, Vallagarina e Monte Baldo",
    "Nomi": "Rovereto, Vallagarina e Monte Baldo",
    "Pomarolo": "Rovereto, Vallagarina e Monte Baldo",
    "Ronzo-Chienis": "Rovereto, Vallagarina e Monte Baldo",
    "Riva del Garda": "Garda trentino, Valle di Ledro, Terme di Comano e Valle dei Laghi",
    "Arco": "Garda trentino, Valle di Ledro, Terme di Comano e Valle dei Laghi",
    "Nago-Torbole": "Garda trentino, Valle di Ledro, Terme di Comano e Valle dei Laghi",
    "Vallelaghi": "Garda trentino, Valle di Ledro, Terme di Comano e Valle dei Laghi",
    "Madruzzo": "Garda trentino, Valle di Ledro, Terme di Comano e Valle dei Laghi",
    "Comano Terme": "Garda trentino, Valle di Ledro, Terme di Comano e Valle dei Laghi",
    "Fiavè": "Garda trentino, Valle di Ledro, Terme di Comano e Valle dei Laghi",
    "San Lorenzo Dorsino": "Garda trentino, Valle di Ledro, Terme di Comano e Valle dei Laghi",
    "Tenno": "Garda trentino, Valle di Ledro, Terme di Comano e Valle dei Laghi",
    "Drena": "Garda trentino, Valle di Ledro, Terme di Comano e Valle dei Laghi",
    "Cavedine": "Garda trentino, Valle di Ledro, Terme di Comano e Valle dei Laghi",
    "Ledro": "Garda trentino, Valle di Ledro, Terme di Comano e Valle dei Laghi",
    "Tione di Trento": "Madonna di Campiglio, Pinzolo, Val Rendena, Giudicarie centrali e Valle del Chiese",
    "Tre Ville": "Madonna di Campiglio, Pinzolo, Val Rendena, Giudicarie centrali e Valle del Chiese",
    "Borgo Lares": "Madonna di Campiglio, Pinzolo, Val Rendena, Giudicarie centrali e Valle del Chiese",
    "Porte di Rendena": "Madonna di Campiglio, Pinzolo, Val Rendena, Giudicarie centrali e Valle del Chiese",
    "Pelugo": "Madonna di Campiglio, Pinzolo, Val Rendena, Giudicarie centrali e Valle del Chiese",
    "Spiazzo": "Madonna di Campiglio, Pinzolo, Val Rendena, Giudicarie centrali e Valle del Chiese",
    "Strembo": "Madonna di Campiglio, Pinzolo, Val Rendena, Giudicarie centrali e Valle del Chiese",
    "Caderzone Terme": "Madonna di Campiglio, Pinzolo, Val Rendena, Giudicarie centrali e Valle del Chiese",
    "Bocenago": "Madonna di Campiglio, Pinzolo, Val Rendena, Giudicarie centrali e Valle del Chiese",
    "Giustino": "Madonna di Campiglio, Pinzolo, Val Rendena, Giudicarie centrali e Valle del Chiese",
    "Pinzolo": "Madonna di Campiglio, Pinzolo, Val Rendena, Giudicarie centrali e Valle del Chiese",
    "Carisolo": "Madonna di Campiglio, Pinzolo, Val Rendena, Giudicarie centrali e Valle del Chiese",
    "Bleggio Superiore": "Madonna di Campiglio, Pinzolo, Val Rendena, Giudicarie centrali e Valle del Chiese",
    "Sella Giudicarie": "Madonna di Campiglio, Pinzolo, Val Rendena, Giudicarie centrali e Valle del Chiese",
    "Valdaone": "Madonna di Campiglio, Pinzolo, Val Rendena, Giudicarie centrali e Valle del Chiese",
    "Pieve di Bono-Prezzo": "Madonna di Campiglio, Pinzolo, Val Rendena, Giudicarie centrali e Valle del Chiese",
    "Borgo Chiese": "Madonna di Campiglio, Pinzolo, Val Rendena, Giudicarie centrali e Valle del Chiese",
    "Storo": "Madonna di Campiglio, Pinzolo, Val Rendena, Giudicarie centrali e Valle del Chiese",
    "Bondone": "Madonna di Campiglio, Pinzolo, Val Rendena, Giudicarie centrali e Valle del Chiese",
    "Malé": "Val di Sole",
    "Rabbi": "Val di Sole",
    "Croviana": "Val di Sole",
    "Dimaro Folgarida": "Val di Sole",
    "Pellizzano": "Val di Sole",
    "Mezzana": "Val di Sole",
    "Commezzadura": "Val di Sole",
    "Ossana": "Val di Sole",
    "Vermiglio": "Val di Sole",
    "Peio": "Val di Sole",
    "Caldes": "Val di Sole",
    "Cles": "Val di Non",
    "Ville d'Anaunia": "Val di Non",
    "Denno": "Val di Non",
    "Predaia": "Val di Non",
    "Cavareno": "Val di Non",
    "Sarnonico": "Val di Non",
    "Ronzone": "Val di Non",
    "Ruffrè-Mendola": "Val di Non",
    "Romeno": "Val di Non",
    "Sanzeno": "Val di Non",
    "Campodenno": "Val di Non",
    "Amblar-Don": "Val di Non",
    "Dambel": "Val di Non",
    "Novella": "Val di Non",
    "Cis": "Val di Non",
    "Livo": "Val di Non",
    "Bresimo": "Val di Non",
    "Rumo": "Val di Non",
    "Sfruz": "Val di Non",
    "Contà": "Val di Non",
    "Borgo d'Anaunia": "Val di Non",
    "Salorno sulla strada del vino/Salurn an der Weinstraße": null,
    "Egna/Neumarkt": null,
    "Ora/Auer": null,
    "Trodena nel parco naturale/Truden im Naturpark": null,
    "Montagna sulla strada del vino/Montan an der Weinstraße": null,
    "Agordo": null,
    "Voltago Agordino": null,
    "Falcade": null,
    "Solagna": null,
    "Bassano del Grappa": null,
    "Ponte di Legno": null,
    "Vestone": null,
    "Lavenone": null,
    "Idro": null,
    "Anfo": null,
    "Gosaldo": null
}